{
  "movies" : [
    {
      "movieId" : 1,
      "title" : "Avengers: Infinity War (2018)",
      "description" : "Iron Man, Thor, the Hulk and the rest of the Avengers unite to battle their most powerful enemy yet -- the evil Thanos. On a mission to collect all six Infinity Stones, Thanos plans to use the artifacts to inflict his twisted will on reality. The fate of the planet and existence itself has never been more uncertain as everything the Avengers have fought for has led up to this moment.",
      "poster" : "https://www.themoviedb.org/t/p/w1280/7WsyChQLEftFiDOVTGkv3hFpyyt.jpg",
      "rate" : "8.4/10"
    },
    {
      "movieId" : 2,
      "title" : "Mary Queen of Scots (2018)",
      "description" : "Queen of France at 16 and widowed at 18, Mary Stuart defies pressure to remarry. Instead, she returns to her native Scotland to reclaim her rightful throne. However, Scotland and England fall under the rule of the compelling Elizabeth I. Each young Queen beholds her sister in fear and fascination. Rivals in power and in love, and female regents in a masculine world, the two must decide how to play the game of marriage versus independence.",
      "poster": "https://www.themoviedb.org/t/p/w1280/b5RMzLAyq5QW6GtN9sIeAEMLlBI.jpg",
      "rate" : "6.2/10"
    },
    {
      "movieId" : 3,
      "title" : "Master Z: Ip Man Legacy (2018)",
      "description" : "Defeated by Master Ip, martial arts expert Cheung Tin Chi tries to lead a normal life in Hong Kong until triad leaders draw him back into fighting.",
      "poster" : "https://www.themoviedb.org/t/p/w1280/6VxEvOF7QDovsG6ro9OVyjH07LF.jpg",
      "rate" : "6.5/10"
    },
    {
      "movieId" : 4,
      "title" : "Mortal Engines (2018)",
      "description" : "In a post-apocalyptic world where cities move and consume each other to survive, two strangers come together to stop a sinister and destructive conspiracy.",
      "poster" : "https://www.themoviedb.org/t/p/w1280/gLhYg9NIvIPKVRTtvzCWnp1qJWG.jpg",
      "rate" : "2.9/10"
    },
    {
      "movieId" : 5,
      "title" : "Overlord (2018)",
      "description" : "On the eve of D-Day, American paratroopers drop behind enemy lines to penetrate the walls of a fortified church and destroy a radio transmitter. As the soldiers approach their target, they soon begin to realize that there's more going on in the Nazi-occupied village than a simple military operation. Making their way to an underground lab, the outnumbered men stumble upon a sinister experiment that forces them into a vicious battle against an army of the undead.",
      "poster" : "https://www.themoviedb.org/t/p/w600_and_h900_bestv2/l76Rgp32z2UxjULApxGXAPpYdAP.jpg",
      "rate" : "7.9/10"
    },
    {
      "movieId" : 6,
      "title" : "Ralph Breaks the Internet (2018)",
      "description" : "Video game bad guy Ralph and fellow misfit Vanellope von Schweetz must risk it all by traveling to the World Wide Web in search of a replacement part to save Vanellope's video game, \"Sugar Rush.\" In way over their heads, Ralph and Vanellope rely on the citizens of the internet -- the netizens -- to help navigate their way, including an entrepreneur named Yesss, who is the head algorithm and the heart and soul of trend-making site BuzzzTube.",
      "poster" : "https://www.themoviedb.org/t/p/w1280/44cb3fCGKUaSxxIjI2ejrgeYfye.jpg",
      "rate" : "8.8/10"
    },
    {
      "movieId" : 7,
      "title" : "Robin Hood (2018)",
      "description" : "After returning home to England, aristocrat Robin of Loxley learns that the evil Sheriff of Nottingham has seized his family estate. He soon joins forces with Friar Tuck and Little John -- a fierce Arabian warrior who wants to put an end to the Crusades. Armed with arrows and dubbed Robin Hood, Loxley leads a band of oppressed rebels in a daring plan to rob the Sheriff of his money and take away his power.",
      "poster" : "https://www.themoviedb.org/t/p/w600_and_h900_bestv2/AiRfixFcfTkNbn2A73qVJPlpkUo.jpg",
      "rate" : "5.3/10"
    },
    {
      "movieId" : 8,
      "title" : "Serenity (2019)",
      "description" : "Baker Dill is a fishing boat captain who leads tours off of the tranquil enclave of Plymouth Island. His peaceful life is soon shattered when his ex-wife Karen tracks him down. Desperate for help, Karen begs Baker to save her -- and their young son -- from her abusive husband. She wants him to take the brute out for a fishing excursion -- then throw him overboard to the sharks. Thrust back into a life that he wanted to forget, Baker now finds himself struggling to choose between right and wrong.",
      "poster" : "https://www.themoviedb.org/t/p/w600_and_h900_bestv2/hgWAcic93phg4DOuQ8NrsgQWiqu.jpg",
      "rate" : "5.4/10"
    },
    {
      "movieId" : 9,
      "title" : "Spider-Man: Into the Spider-Verse (2018)",
      "description" : "Bitten by a radioactive spider in the subway, Brooklyn teenager Miles Morales suddenly develops mysterious powers that transform him into the one and only Spider-Man. When he meets Peter Parker, he soon realizes that there are many others who share his special, high-flying talents. Miles must now use his newfound skills to battle the evil Kingpin, a hulking madman who can open portals to other universes and pull different versions of Spider-Man into our world.",
      "poster" : "https://www.themoviedb.org/t/p/w600_and_h900_bestv2/nyXfGIkJQgKhugxMVql15URobtt.jpg",
      "rate" : "9.7/10"
    },
    {
      "movieId" : 10,
      "title" : "T-34 (2019)",
      "description" : "When a group of Russian soldiers are captured by the Nazis during World War II, they band together to plot and carry out a daring escape mission.",
      "poster" : "https://www.themoviedb.org/t/p/w600_and_h900_bestv2/jqBIHiSglRfNxjh1zodHLa9E7zW.jpg",
      "rate" : "6.7/10"
    }
  ]
}