{
  "tvShows" : [
    {
      "showId": 1,
      "title": "Iron Fist (season 1)",
      "description": "Fueled by a desire for revenge, nine-year-old Danny Rand spent a decade training in martial arts in the heavenly city of K'un-Lun. He eventually earned the title of Iron Fist, granting him even more power. Instead of staying and embracing immortality, he returned to Earth ten years later to avenge his dead parents.",
      "episode": "13",
      "poster": "https://www.themoviedb.org/t/p/w600_and_h900_bestv2/4l6KD9HhtD6nCDEfg10Lp6C6zah.jpg"
    },
    {
      "showId": 2,
      "title": "Naruto: Shippuden (season 1)",
      "description": "Naruto Uzumaki, Sakura Haruno and Sai reuniting with Sasuke Uchiha who seeks Naruto's power and suppresses the Nine-Tailed Fox within his subconscious. The first episode begins with Naruto returning home after two and a half years of training with Jiraiya, and seeing Sakura and Konohamaru, many people from the village congratulate him. Konohamaru and his fellows are on a mission and somehow successfully complete it. Jiraiya accompanies Naruto home and meets Tsunade who assigns Naruto and Sakura on their first mission, but first they must defeat someone to prove their growth and progress in the last two and a half years.",
      "episode": "32",
      "poster": "https://www.themoviedb.org/t/p/w600_and_h900_bestv2/zAYRe2bJxpWTVrwwmBc00VFkAf4.jpg"
    },
    {
      "showId": 3,
      "title": "NCIS (series)",
      "description": "NCIS is an American police procedural drama television series, revolving around a fictional team of special agents from the Naval Criminal Investigative Service, which conducts criminal investigations involving the U.S. Navy and Marine Corps.",
      "episode": "412",
      "poster": "https://www.themoviedb.org/t/p/w600_and_h900_bestv2/fi8EvaWtL5CvoielOjjVvTr7ux3.jpg"
    },
    {
      "showId": 4,
      "title": "Riverdale",
      "description": "Archie Andrews discovers his love for music, and his teacher. ... After a teenager was murdered within the town of Riverdale, a group of teenagers, the jock Archie, the girl next door Betty, the new girl Veronica and the outcast Jughead try to unravel the evils lurking within this seemingly innocent town.",
      "episode": "13",
      "poster": "https://www.themoviedb.org/t/p/w600_and_h900_bestv2/wRbjVBdDo5qHAEOVYoMWpM58FSA.jpg"
    },
    {
      "showId": 5,
      "title": "Shameless",
      "description": "The first season of Shameless depicts the dysfunctional family of Frank Gallagher, a single, alcoholic, trashy father of six children in Chicago, Illinois. ... Often involved in the Gallagher's lives are their neighbors, Kevin and Veronica, who fake a marriage mid-season to obtain a substantial dowry.",
      "episode": "134",
      "poster": "https://www.themoviedb.org/t/p/w600_and_h900_bestv2/9akij7PqZ1g6zl42DQQTtL9CTSb.jpg"
    },
    {
      "showId": 6,
      "title": "Supergirl",
      "description": "Kara Zor-El was sent to Earth from Krypton as a thirteen year old by her parents Zor-El and Alura. ... The series begins eleven years later when Kara is learning to embrace her own superhuman powers as a Kryptonian and has adopted the superheroine alias \"Supergirl\".",
      "episode": "113",
      "poster": "https://www.themoviedb.org/t/p/w600_and_h900_bestv2/zsaiq8ZclPuneuN7loLEbsh1ANJ.jpg"
    },
    {
      "showId": 7,
      "title": "Supernatural",
      "description": "Supernatural is an American television series created by Eric Kripke. ... Starring Jared Padalecki as Sam Winchester and Jensen Ackles as Dean Winchester, the series follows the two brothers as they hunt demons, ghosts, monsters, and other supernatural beings.",
      "episode": "327",
      "poster": "https://www.themoviedb.org/t/p/w600_and_h900_bestv2/KoYWXbnYuS3b0GyQPkbuexlVK9.jpg"
    },
    {
      "showId": 8,
      "title": "The Simpsons",
      "description": "The series is a satirical depiction of American life, epitomized by the Simpson family, which consists of Homer, Marge, Bart, Lisa, and Maggie. The show is set in the fictional town of Springfield and parodies American culture and society, television, and the human condition.",
      "episode": "703",
      "poster": "https://www.themoviedb.org/t/p/w600_and_h900_bestv2/zLudbPueg8CxGhMS2tyDh3p0TdK.jpg"
    },
    {
      "showId": 9,
      "title": "The Umbrella Academy",
      "description": "A family of former child heroes, now grown apart, must reunite to continue to protect the world. ... Seven are adopted by Sir Reginald Hargreeves, a billionaire industrialist, who creates The Umbrella Academy and prepares his \"children\" to save the world. But not everything went according to plan.",
      "episode": "20",
      "poster": "https://www.themoviedb.org/t/p/w600_and_h900_bestv2/scZlQQYnDVlnpxFTxaIv2g0BWnL.jpg"
    },
    {
      "showId" : 10,
      "title" : "The Walking Dead",
      "description" : "The Walking Dead takes place after the onset of a worldwide zombie apocalypse. ... The series centers on sheriff's deputy Rick Grimes, who wakes up from a coma. While in a coma, the world has been taken over by walkers.",
      "episode" : "153",
      "poster" : "https://www.themoviedb.org/t/p/w600_and_h900_bestv2/rqeYMLryjcawh2JeRpCVUDXYM5b.jpg"
    }
  ]
}